<?xml version="1.0" encoding="UTF-8"?>
<mxfile host="app.diagrams.net" agent="Mozilla/5.0 (Windows NT 10.0; Win64; x64) AppleWebKit/537.36 (KHTML, like Gecko) Chrome/129.0.0.0 Safari/537.36 Edg/129.0.0.0" version="24.7.17">
  <diagram name="Page-1" id="CsNI69rCBdtdyRe4L_g5">
    <mxGraphModel dx="2066" dy="1143" grid="1" gridSize="10" guides="1" tooltips="1" connect="1" arrows="1" fold="1" page="1" pageScale="1" pageWidth="850" pageHeight="1100" math="0" shadow="0">
      <root>
        <mxCell id="0" />
        <mxCell id="1" parent="0" />
        <mxCell id="njO3aKEZts5Bd4yOYD-_-107" style="edgeStyle=orthogonalEdgeStyle;rounded=0;orthogonalLoop=1;jettySize=auto;html=1;exitX=0.5;exitY=1;exitDx=0;exitDy=0;entryX=0.5;entryY=0;entryDx=0;entryDy=0;" edge="1" parent="1" source="njO3aKEZts5Bd4yOYD-_-85" target="njO3aKEZts5Bd4yOYD-_-90">
          <mxGeometry relative="1" as="geometry" />
        </mxCell>
        <mxCell id="njO3aKEZts5Bd4yOYD-_-85" value="" style="rounded=0;whiteSpace=wrap;html=1;" vertex="1" parent="1">
          <mxGeometry x="40" y="40" width="320" height="120" as="geometry" />
        </mxCell>
        <mxCell id="njO3aKEZts5Bd4yOYD-_-87" value="&lt;font style=&quot;font-size: 18px;&quot;&gt;Toote kategooria&lt;/font&gt;" style="text;html=1;align=center;verticalAlign=middle;whiteSpace=wrap;rounded=0;" vertex="1" parent="1">
          <mxGeometry x="130" y="60" width="150" height="30" as="geometry" />
        </mxCell>
        <mxCell id="njO3aKEZts5Bd4yOYD-_-88" value="&lt;font style=&quot;font-size: 14px;&quot;&gt;ID int&lt;/font&gt;&lt;div&gt;&lt;font size=&quot;3&quot;&gt;nimetus str(50)&lt;/font&gt;&lt;/div&gt;" style="text;html=1;align=left;verticalAlign=middle;whiteSpace=wrap;rounded=0;" vertex="1" parent="1">
          <mxGeometry x="60" y="110" width="160" height="30" as="geometry" />
        </mxCell>
        <mxCell id="njO3aKEZts5Bd4yOYD-_-89" value="" style="endArrow=none;html=1;rounded=0;exitX=0;exitY=0.5;exitDx=0;exitDy=0;entryX=1;entryY=0.5;entryDx=0;entryDy=0;" edge="1" parent="1" source="njO3aKEZts5Bd4yOYD-_-85" target="njO3aKEZts5Bd4yOYD-_-85">
          <mxGeometry width="50" height="50" relative="1" as="geometry">
            <mxPoint x="400" y="540" as="sourcePoint" />
            <mxPoint x="450" y="490" as="targetPoint" />
          </mxGeometry>
        </mxCell>
        <mxCell id="njO3aKEZts5Bd4yOYD-_-111" style="edgeStyle=orthogonalEdgeStyle;rounded=0;orthogonalLoop=1;jettySize=auto;html=1;exitX=1;exitY=0.75;exitDx=0;exitDy=0;entryX=0;entryY=0.5;entryDx=0;entryDy=0;" edge="1" parent="1" source="njO3aKEZts5Bd4yOYD-_-90" target="njO3aKEZts5Bd4yOYD-_-94">
          <mxGeometry relative="1" as="geometry" />
        </mxCell>
        <mxCell id="njO3aKEZts5Bd4yOYD-_-90" value="" style="whiteSpace=wrap;html=1;aspect=fixed;" vertex="1" parent="1">
          <mxGeometry x="40" y="200" width="160" height="160" as="geometry" />
        </mxCell>
        <mxCell id="njO3aKEZts5Bd4yOYD-_-92" value="ID int&lt;div&gt;Nimetus str (50)&lt;/div&gt;&lt;div&gt;Hind&lt;span style=&quot;white-space: pre;&quot;&gt;&#x9;&lt;/span&gt;&amp;nbsp;(decimal)&lt;/div&gt;&lt;div&gt;Kirjeldus str (?)&lt;/div&gt;&lt;div&gt;Pilt str (150)&lt;/div&gt;&lt;div&gt;Kategooria_ID&lt;/div&gt;" style="text;html=1;align=left;verticalAlign=middle;whiteSpace=wrap;rounded=0;" vertex="1" parent="1">
          <mxGeometry x="50" y="290" width="160" height="30" as="geometry" />
        </mxCell>
        <mxCell id="njO3aKEZts5Bd4yOYD-_-93" value="" style="endArrow=none;html=1;rounded=0;exitX=0;exitY=0.25;exitDx=0;exitDy=0;entryX=1;entryY=0.25;entryDx=0;entryDy=0;" edge="1" parent="1" source="njO3aKEZts5Bd4yOYD-_-90" target="njO3aKEZts5Bd4yOYD-_-90">
          <mxGeometry width="50" height="50" relative="1" as="geometry">
            <mxPoint x="400" y="530" as="sourcePoint" />
            <mxPoint x="450" y="480" as="targetPoint" />
          </mxGeometry>
        </mxCell>
        <mxCell id="njO3aKEZts5Bd4yOYD-_-94" value="" style="whiteSpace=wrap;html=1;aspect=fixed;" vertex="1" parent="1">
          <mxGeometry x="400" y="200" width="160" height="160" as="geometry" />
        </mxCell>
        <mxCell id="njO3aKEZts5Bd4yOYD-_-95" value="" style="endArrow=none;html=1;rounded=0;exitX=0;exitY=0.25;exitDx=0;exitDy=0;entryX=1;entryY=0.25;entryDx=0;entryDy=0;" edge="1" parent="1" source="njO3aKEZts5Bd4yOYD-_-94" target="njO3aKEZts5Bd4yOYD-_-94">
          <mxGeometry width="50" height="50" relative="1" as="geometry">
            <mxPoint x="400" y="530" as="sourcePoint" />
            <mxPoint x="450" y="480" as="targetPoint" />
          </mxGeometry>
        </mxCell>
        <mxCell id="njO3aKEZts5Bd4yOYD-_-96" value="Tellimuse rida" style="text;html=1;align=center;verticalAlign=middle;whiteSpace=wrap;rounded=0;" vertex="1" parent="1">
          <mxGeometry x="425" y="210" width="110" height="30" as="geometry" />
        </mxCell>
        <mxCell id="njO3aKEZts5Bd4yOYD-_-97" value="Toode" style="text;html=1;align=center;verticalAlign=middle;whiteSpace=wrap;rounded=0;" vertex="1" parent="1">
          <mxGeometry x="90" y="210" width="60" height="30" as="geometry" />
        </mxCell>
        <mxCell id="njO3aKEZts5Bd4yOYD-_-98" value="ID int&lt;div&gt;Tellimuse_ID&lt;/div&gt;&lt;div&gt;Toode_ID (int)&lt;/div&gt;&lt;div&gt;Kogus (int)&lt;/div&gt;&lt;div&gt;Hind (decimal)&lt;/div&gt;" style="text;html=1;align=left;verticalAlign=middle;whiteSpace=wrap;rounded=0;" vertex="1" parent="1">
          <mxGeometry x="410" y="280" width="180" height="30" as="geometry" />
        </mxCell>
        <mxCell id="njO3aKEZts5Bd4yOYD-_-99" value="" style="rounded=0;whiteSpace=wrap;html=1;" vertex="1" parent="1">
          <mxGeometry x="360" y="480" width="200" height="120" as="geometry" />
        </mxCell>
        <mxCell id="njO3aKEZts5Bd4yOYD-_-101" value="" style="endArrow=none;html=1;rounded=0;" edge="1" parent="1" source="njO3aKEZts5Bd4yOYD-_-99">
          <mxGeometry width="50" height="50" relative="1" as="geometry">
            <mxPoint x="400" y="530" as="sourcePoint" />
            <mxPoint x="450" y="480" as="targetPoint" />
          </mxGeometry>
        </mxCell>
        <mxCell id="njO3aKEZts5Bd4yOYD-_-104" value="" style="endArrow=none;html=1;rounded=0;exitX=0;exitY=0.25;exitDx=0;exitDy=0;entryX=1;entryY=0.25;entryDx=0;entryDy=0;" edge="1" parent="1" source="njO3aKEZts5Bd4yOYD-_-99" target="njO3aKEZts5Bd4yOYD-_-99">
          <mxGeometry width="50" height="50" relative="1" as="geometry">
            <mxPoint x="400" y="530" as="sourcePoint" />
            <mxPoint x="450" y="480" as="targetPoint" />
          </mxGeometry>
        </mxCell>
        <mxCell id="njO3aKEZts5Bd4yOYD-_-109" style="edgeStyle=orthogonalEdgeStyle;rounded=0;orthogonalLoop=1;jettySize=auto;html=1;exitX=0.5;exitY=0;exitDx=0;exitDy=0;entryX=0.5;entryY=1;entryDx=0;entryDy=0;" edge="1" parent="1" source="njO3aKEZts5Bd4yOYD-_-105" target="njO3aKEZts5Bd4yOYD-_-94">
          <mxGeometry relative="1" as="geometry" />
        </mxCell>
        <mxCell id="njO3aKEZts5Bd4yOYD-_-105" value="Tellimus" style="text;html=1;align=center;verticalAlign=middle;whiteSpace=wrap;rounded=0;" vertex="1" parent="1">
          <mxGeometry x="430" y="480" width="60" height="30" as="geometry" />
        </mxCell>
        <mxCell id="njO3aKEZts5Bd4yOYD-_-106" value="ID int&lt;div&gt;User_ID&lt;/div&gt;&lt;div&gt;Kuupäev (date)&lt;/div&gt;" style="text;html=1;align=left;verticalAlign=middle;whiteSpace=wrap;rounded=0;" vertex="1" parent="1">
          <mxGeometry x="370" y="535" width="100" height="30" as="geometry" />
        </mxCell>
      </root>
    </mxGraphModel>
  </diagram>
</mxfile>
